epoch,step,train_loss
0,49,0.17121268808841705
0,99,0.06395675987005234
0,149,0.030362699180841446
0,199,0.019136996939778328
