{"_step":1,"train/loss":0.6723,"train/learning_rate":1.9573333333333335e-05,"train/global_step":200,"train/grad_norm":5.478241920471191,"_wandb":{"runtime":139},"_timestamp":1.7367893914915252e+09,"_runtime":138.700054,"train/epoch":0.064}